<application>
  <component name="LocalDatabaseDriverManager" version="201">
    <driver id="bigquery">
      <jdbc-additional-properties>
        <property name="override.awt.toolkit" value="false" />
      </jdbc-additional-properties>
    </driver>
    <driver id="mysql.8">
      <artifact />
      <artifact id="MySQL ConnectorJ" name="MySQL ConnectorJ" use="true" version="8.0.25" />
    </driver>
    <driver id="mysql_aurora">
      <artifact id="MariaDB Connector J" name="MariaDB Connector J" channel="MariaDB_2.X" rolling="true" use="true" version="2.7.3" />
    </driver>
    <driver id="redis">
      <artifact id="Redis" name="Redis" use="true" version="1.3" />
    </driver>
  </component>
</application>