<application>
  <component name="GeneralSettings">
    <option name="showTipsOnStartup" value="false" />
    <option name="reopenLastProject" value="false" />
    <option name="autoSaveIfInactive" value="true" />
    <option name="confirmOpenNewProject2" value="0" />
    <option name="processCloseConfirmation" value="TERMINATE" />
  </component>
  <component name="Registry">
    <entry key="ide.experimental.ui" value="true" />
    <entry key="analyze.exceptions.on.the.fly" value="true" />
    <entry key="compiler.automake.allow.parallel" value="false" />
    <entry key="compiler.automake.postpone.when.idle.less.than" value="60000" />
    <entry key="debugger.new.tool.window.layout" value="true" />
    <entry key="ide.experimental.ui.inter.font" value="false" />
    <entry key="idea.plugins.compatible.build" value="" />
  </component>
  <component name="StatusBar">
    <option name="widgets">
      <map>
        <entry key="AwsSettingsPanel" value="false" />
        <entry key="FlowJSInfo" value="false" />
        <entry key="ReadOnlyAttribute" value="false" />
        <entry key="TypeScriptInfo" value="false" />
        <entry key="WakaTime" value="false" />
        <entry key="aws.codewhisperer" value="false" />
      </map>
    </option>
  </component>
</application>