<keymap version="1" name="macOS Jinkyum Custom" parent="Mac OS X 10.5+">
  <action id="ActivateDatabaseToolWindow">
    <keyboard-shortcut first-keystroke="alt d" />
  </action>
  <action id="ActivateEndpointsToolWindow">
    <keyboard-shortcut first-keystroke="alt e" />
  </action>
  <action id="ActivateGitHubCopilotChatToolWindow">
    <keyboard-shortcut first-keystroke="alt c" />
  </action>
  <action id="ActivateGradleToolWindow">
    <keyboard-shortcut first-keystroke="alt g" />
  </action>
  <action id="ActivateJPABuddyToolWindow">
    <keyboard-shortcut first-keystroke="alt j" />
  </action>
  <action id="ActivateTODOToolWindow">
    <keyboard-shortcut first-keystroke="alt t" />
  </action>
  <action id="Annotate">
    <keyboard-shortcut first-keystroke="alt a" />
  </action>
  <action id="CodeWhispererRecommendationAction" />
  <action id="Github.Create.Pull.Request">
    <keyboard-shortcut first-keystroke="shift meta p" />
  </action>
  <action id="IntentionActionAsAction_com.intellij.formatting.contextConfiguration.ConfigureCodeStyleOnSelectedFragment">
    <keyboard-shortcut first-keystroke="ctrl alt l" />
  </action>
  <action id="IntroduceParameter" />
  <action id="KotlinConsoleREPL">
    <keyboard-shortcut first-keystroke="shift meta r" />
  </action>
  <action id="RenameElement">
    <keyboard-shortcut first-keystroke="alt r" />
    <keyboard-shortcut first-keystroke="shift f6" />
  </action>
  <action id="ReplaceInPath" />
  <action id="SplitVertically">
    <keyboard-shortcut first-keystroke="meta back_slash" />
  </action>
  <action id="TabShiftActions.MoveFocusLeft">
    <keyboard-shortcut first-keystroke="shift ctrl alt open_bracket" />
    <keyboard-shortcut first-keystroke="ctrl meta z" />
  </action>
  <action id="TabShiftActions.MoveFocusRight">
    <keyboard-shortcut first-keystroke="shift ctrl alt close_bracket" />
    <keyboard-shortcut first-keystroke="ctrl meta x" />
  </action>
  <action id="TogglePresentationMode">
    <keyboard-shortcut first-keystroke="alt p" />
  </action>
  <action id="Unscramble">
    <keyboard-shortcut first-keystroke="shift alt s" />
  </action>
  <action id="Vcs.Push">
    <keyboard-shortcut first-keystroke="meta alt p" />
  </action>
  <action id="Vcs.Show.Shelf">
    <keyboard-shortcut first-keystroke="alt s" />
  </action>
  <action id="randomness.ShowGroup">
    <keyboard-shortcut first-keystroke="shift alt equals" />
  </action>
</keymap>